Villain	Year first	Year last	Doc. no.	Doctor actor	Episodes	Motivation (invasion earth, kill humans, etc)	Story titles
Vardan	1978	1978	4	Tom Baker	6	Time travelling	The Invasion of Time
Lytton, Commander Gustav	1983	1985	5,6	Peter Davison, Colin Baker	4	Serve big bad	Resurrection of the Daleks, Attack of the Cybermen
Charles, Oliver	2005	2005	9	Christopher Eccleston	1	Kill politician	Aliens of London
Carrington, General	1970	1970	7	Jon Pertwee	7	War	The Ambassadors of Death
Eldrad	1976	1976	4	Tom Baker	4	Control of own alien species	The Hand of Fear
WOTAN	1966	1966	1	William Hartnell	4	World domination	The War Machines
Baltazar	2007	2007	10	David Tennant	13	Kill life on earth/make money	The Infinite Quest 
Goth (Gothaparduskerialldrapolatkh)	1969	1976	2,4	Patrick Troughton, Tom Baker	14	Serve big bad, power	The War Lords, The Deadly Assassin
Angelo	2006	2006	10	David Tennant 	1	Create new empire	Tooth and Claw
Borusa	1976	1983	1, 2, 3, 4, 5	William Hartnell, Patrick Troughton, Jon Pertwee, Tom Baker, Peter Davison	15	Wants immortality	The Deadly Assassin, The Invasion of Time, Arc of Infinity, The Five Doctors
Grey, Solicitor	1966	1967	2	Patrick Troughton	4	Serve big bad	The Highlanders
Terileptil's android	1982	1982	5	Peter Davison	4	Serve big bad	The Visitation
Animus	1965	1965	1	William Hartnell	6	Control Humans	The Web Planet
Moroks, (the)	1965	1965	1	William Hartnell	4	Power	The Space Museum
Stotz	1984	1984	1,5,6	William Hartnell, Peter Davison, Colin Baker	4	1	Make money	The Caves of Androzani
Rattigan, Luke	2008	2008	10	David Tennant	2	World domination	The Sontaran Stratagem/The Poison Sky
Reapers	2005	2005	9	Christopher Eccleston	1	Sterilise time disturbances	 Father's Day
Cybermat	1967	2011	2,4,11	Patrick Troughton, Tom Baker, Matt Smith	15	Serve big bad	Tomb of the Cybermen, Wheel in space, Revenge of the Cybermen, Closing Time
Soloman's robots (x2)	2012	2012	11	Matt Smith	1	Serve big bad	Dinosaurs on a Spaceship
Toclafane	2007	2007	10	David Tennant	2	Self interest	The Sound of the Drums/Last of the Time Lords
Kamelion (inc benevolent appearences)	1983	1984	5	Peter Davison	6	Serve big bad	The King's Demons, Planet of Fire
Elizabeth Shaw, Section Leader (alt universe)	1970	1970	3	Jon Pertwee	7	Fascist stooge	Inferno
Minister (of Enlightment/Persuasion)	1982	1982	5	Peter Davison	4	Serve big bad	Four to Doomsday
Adherents of the Repeated Meme	2005	2005	9	Christopher Eccleston	1	Serve big bad	The End of the World
Kess	2008	2008	10	David Tennant	1	Power	Planet of the Ood
Anti-Matter Organism 	1972	1973	1,2,3	William Hartnell, Patrick Troughton, Jon Pertwee	4	Serve big bad	The Three Doctors
Robomen	1964	1964	1	Wiliam Hartnell	6	Serve big bad	The Dalek Invasion of Earth
Monarch's androids	1982	1982	5	Peter Davison	4	Serve big bad	Four to Doomsday
Poggit (Mrs)	2010	2010	11	Matt Smith	1	Serve big bad	Amy's Choice
Azaxyr	1974	1974	3	Jon Pertwee	6	Power	The Monster of Peladon
Marshal of Solos (the) 	1972	1972	3	Jon Pertwee	6	Career	The Mutants
Federico, Count	1976	1976	4	Tom Baker	4	Power/ serve big bad	The Masque of Mandragora
Swarm (Alien Stingray)	2009	2009	10	David Tennant	1	Destroy all life	Planet of the Dead
Kaliko (swabb)	2007	2007	10	David Tennant	2	Steal oil, make money	The Infinite Quest 
Time Beetle	2008	2008	10	David Tennant	1	Meddle with time, creating parallel universes	Turn Left
Alliance of Shades (Mister Dread)	2009	2009	10	David Tennant	9	Hide alien activities	Dreamland
Greel, Magnus	1977	1977	4	Tom Baker	6	Immortality/return to his time	The Talons of Weng-Chiang
BOSS	1973	1973	3	Jon Pertwee	6	Brainwashing	The Green Death
Master of the Land of Fiction	1968	1968	2	Patrick Troughton	5	Trick the Doctor	The Mind Robber
Cofelia, Matron (Miss Foster)	2008	2008	10	David Tennant	1	reproducing	Partners in Crime
Lumic, John	2006	2006	10	David Tennant	2	Immortality, medical experiments, kill humans	Rise of the Cybermen/The Age of Steel
Vespiforms	2008	2008	10	David Tennant	1	Research, not in control of powers	The Unicorn and the Wasp
Bennett (Koquillion)	1965	1965	1	William Hartnell	2	Kill humans	The Rescue
Fendahl (inc Fendahleen)	1977	1977	4	Tom Baker	4	Devour life	Image of the Fendahl
Davros	1975	2008	4, 5, 6, 7, 10	Tom Baker, Peter Davison, Colin Baker, Sylvester McCoy, David Tennant	22	Earth invasion/Human extermination	Genesis of the Daleks, Destiny of the Daleks, Resurrection of the Daleks, Revelation of the Daleks, Remembrance of the Daleks, The Stolen Earth/Journey's End
Pig Slave	2007	2007	10	David Tennant	2	Kill humans	Daleks in Manhatten, Evolution of the Daleks
Sycorax (Fadros Pullujikaa)	2005	2010	10,11	David Tennant, Matt Smith	2	World domination	The Christmas Invasion (also see Alliance above)
Great Intelligence, the (Yog-Sothoth)	1967	2013	2,11	Patrick Troughton, Matt Smith	15	World domination	The Abominable Snowmen/The Web of Fear, The Snowmen, The Bells of Saint John, The Name of the Doctor
Golightly, Arnold	2008	2008	10	David Tennant 	1	Kill humans	The Unicorn and the Wasp
Aydan	1964	1964	1	William Hartnell	6	Save alien planet	The Keys of Marinus
Za	1963	1963	1	William Hartnell	4	Power	An Unearthy Child
Wolfweeds	1979	1979	4	Tom Baker	4	Serve big bad	The Creature from the Pit
Morgus, Trau	1984	1984	5,6	Peter Davison, Colin Baker	4	Make money	The Caves of Androzani
Skagra	1979	1979	4	Tom Baker	6	Universe domination	Shada
Midnight Entity	2008	2008	10	David Tennant	1	Survival	Midnight
Alaya	2010	2010	11	Matt Smith	2	Capture humans	The Hungry Earth/Cold Blood
Cyber-controller	1967	1985	2,6	Patrick Troughton, Colin Baker	6	Earth invasion/Human extermination	The Tomb of the Cybermen, Attack of the Cybermen
House	2011	2011	11	Matt Smith	1	Absorb planets,	TARDIS'	The Doctor's Wife
Green, Joseph	2005	2005	9	Christopher Eccleston	2	Cause World War Three	Aliens of London/World War Three
Bannermen	1987	1987	7	Sylvester McCoy	3	World domination	Delta and the Bannermen
Monoid	1966	1966	1	William Hartnell	4	Power	The Ark
Catkind (Sisters of Plenitude), exc Novice Hame	2006	2006	10	David Tennant	1	Experiments on humans	New Earth
Foamasi	1980	1980	4	Tom Baker	4	Kill humans	The Leisure Hive
Three Who Rule	1980	1980	4	Tom Baker	4	Kill creatures/control humans	State of Decay
Malus	1984	1984	5	Peter Davison	2	Kill other alien species	The Awakening
Mordred	1989	1989	7	Sylvester McCoy	4	Power	Battlefield
Chase, Harrison	1976	1976	4	Tom Baker	6	Kill humans	The Seeds of Doom
Diagoras (Mr)	2007	2007	10	David Tennant	1	Run New York city	Daleks in Manhatten
Captain (the)	1978	1978	4	Tom Baker	4	Make money	The Pirate Planet
Torajii System Sun	2007	2007	10	David Tennant	1	Posess crew members	42
Lupton	1974	1974	3	Jon Pertwee	6	Serve big bad	Planet of the Spiders
Angel Bob	2010	2010	11	Matt Smith	2	Kill humans	The Time of Angels/Flesh and Stone
Sil	1985	1986	6	Colin Baker	6	Exploitation	Vengeance on Varos/Mindwarp
Stingray	2009	2009	10	David Tennant	1	Self interest (food)	Planet of the Dead
Corvin	2006	2006	10	David Tennant	1	Medical experiments	New Earth
Ergon (the)	1983	1983	5	Peter Davison	4	Serve big bad	Arc of Infinity
Bloodtide	2007	2007	10	David Tennant	1	Serve big bad	The Shakespeare Code
Nyder	1975	1975	4	Tom Baker	6	Serve big bad	Genesis of the Daleks
Great Vampire	1980	1980	4	Tom Baker	4	Absorb planets	State of Decay
Mestor	1984	1984	6	Colin Baker	4	Dominate the universe	The Twin Dilema
Sisters of Plenitude (Hame, Jaff)	2006	2007	10	David Tennant	2	Power, experimented on humans	New Earth, Gridlock
Weevils	2010	2010	11	Matt Smith	1	Imprison the Doctor	The Pandorica Opens (see Alliance above)
Solow, Dr	1984	1984	5	Peter Davison	4	Serve big bad	Warriors of the Deep
Stael, Maximillion	1977	1977	4	Tom Baker	4	Serve big bad	Image of the Fendahl
Dymond	1979	1979	4	Tom Baker	4	Crime	Nightmare of Eden
Maxtible, Theodore	1967	1967	2	Patrick Troughton	7	Serve big bad	Evil of the Daleks
Crane (Mr)	2006	2006	10	David Tennant	2	Serve big bad 	Raise of the Cybermen/The Age of Steel
Master (the)	1971	2009	3,4,5,6,7,8,10	Patrick Troughton, Jon Pertwee, Tom Baker, Peter Davison, Colin Baker, Sylvester McCoy, Paul McGann, David Tennant	84	Universal control	Terror of the Autons,The Mind of Evil,The Claws of Axos,Colony in Space,The Dæmons,The Sea Devils,The Time Monster,Frontier in Space,The Deadly Assassin,The Keeper of Traken,Logopolis,Castrovalva,Time-Flight,The King's Demons,The Five Doctors,Planet of Fire,The Mark of the Rani,The Ultimate Foe,Survival,Doctor Who,Utopia/The Sound of Drums/Last of the Time Lords,The End of Time,The Caves of Androzani
Mara (the), (Dukkha)	1982	1983	5	Peter Davison	8	Feeds off fear	Kinda, Snakedance
Dala, Dalek "puppet"	2012	2012	11	Matt Smith	1	Serve big bad	Asylum of the Daleks
Sin (Mr)	1977	1977	4	Tom Baker	6	Kill humans	The Talons of Weng-Chiang
Chameleons	1967	1967	2	Patrick Troughton	6	New home world, absorbing human identities	The Faceless Ones
Dexter	2007	2007	10	David Tennant	2	Locate the Doctor and his companions	42, The Sound of Drums
Atraxi	2010	2010	11	Matt Smith	2	World domination	The Eleventh Hour, The Pandorica Opens
Roboforms	2005	2010	10,11	David Tennant, Matt Smith	3	Scavengers/Imprison the Doctor	The Christmas Invasion, The Runaway Bride, The Pandorica Opens (see Alliance above)
Sskel	1974	1974	3	Jon Pertwee	6	Power	The Monster of Peladon
Gray, Steve	2008	2008	10	David Tennant	2	Serve big bad, fight	The Sontaran Stratagem/The Poison Sky
Chief Clown	1988	1989	7	Sylvester McCoy	4	Serve big bad	The Greatest Show in the Galaxy
Zarbi	1965	1965	1	William Hartnell	6	Forage, possessed	The Web Planet
Stahlman, Professor	1970	1970	3	Jon Pertwee	4	World domination	Inferno
De Flores	1988	1988	7	Sylvester McCoy	3	Fascist stooge	Silver Nemesis, silver nemesis
Shockeye of the Quawncing Grig 	1985	1985	2,6	Patrick Troughton, Colin Baker	3	Eat human flesh	The Two Doctors
Metal Spiders	2005	2005	9	Christopher Eccleston	1	Serve big bad	The End of the World
Mortimus 	1965	1966	1	William Hartnell 	16	Meddle with time	The Time Meddler, The Daleks' Master Plan
Marshmen	1980	1980	4	Tom Baker	4	Defeat the Doctor	Full Circle
Xoanon	1977	1977	4	Tom Baker	4	Enslavement	The Face of Evil
Mavic Chen	1965	1966	1	William Hartnell	12	Kill humans	The Daleks' Master Plan
Krotons	1969	1969	2	Patrick Troughton	4	Enslavement	The Krotons
Seaweed Creature (Weed creature)	1968	1968	2	Patrick Troughton	6	World domination	Fury from the Deep
Gelth (the)/Gelth Ambassador	2005	2005	9	Christopher Eccleston	1	World domination	The Unquiet Dead
Justice Department, The	2011	2011	11	Matt Smith	1	Kill the Doctor	Let's Kill Hitler
Uvodni	2010	2010	11	Matt Smith	1	Imprison the Doctor	The Pandorica Opens (see Alliance above)
Nestene Consciousness	1970	2010	3,9	Jon Pertwee	9	Universal control	Spearhead from Space/Terror of the Autons/Rose
Arcturus	1972	1972	3	Jon Pertwee	4	Control of planet	The Curse of Peladon
Teselecta	2011	2011	11	Matt Smith	1	Serve big bad	Let's Kill Hitler
Racnoss, Empress of the	2006	2006	10	David Tennant	1	Kill humans	The Runaway Bride
Tetrap	1987	1987	7	Sylvester McCoy	4	Control the Universe	Time and the Rani
Taran androids	1978	1978	4	Tom Baker	4	Serve big bad	The Androids of Tara
Sharrel	1979	1979	4	Tom Baker	4	Destroy	Destiny of the Daleks
Happiness Patrol (the)	1988	1988	7	Sylvester McCoy	3	Serve big bad	The Happiness Patrol
Movellans	1979	1979	4	Tom Baker	4	War with Daleks	Destiny of the Daleks
Abzorbaloff (Victor Kennedy)	2006	2006	10	David Tennant	1	Kill humans	Love and Monsters
KIslet, Miss	2013	2013	11	Matt Smith	1	Serve Big Bad/upload humans	The Bells of Saint John
Tlotoxl	1964	1964	1	William Hartnell	4	Religion	The Aztecs
Klieg, Eric	1967	1967	2	Patrick Troughton	4	Power	Tomb of the Cybermen
Drahvin	1965	1965	1	William Hartnell	4	War	Galaxy 4
Mummy, The	2013	2013	11	Matt Smith	1	Serve Big Bad	The Rings of Akhaten
Hardaker	2007	2007	10	David Tennant	1	Serve big bad, make money for family	Voyage of the Damned
Kraal androids	1975	1975	4	Tom Baker	4	Serve big bad	The Android Invasion
Time Zombie	2013	2013	11	Matt Smith	1	Hunt past selves	Journey to the centre of the Tardis
Scarman, Marcus	1975	1975	4	Tom Baker	4	Serve big bad	Pyramids of Mars
James, Tennant	2005	2005	9	Christopher Eccleston	1	Power	World War Three 
Gastropods	1984	1984	6	Colin Baker	4	Serve big bad	 The Twin Dilemma
Harris, Private Carl	2008	2008	10	David Tennant	2	Serve big bad, fight	The Sontaran Stratagem/The Poison Sky
Chief Sea Devil	1972	1972	3	Jon Pertwee	6	Destroy the human race	The Sea Devils     
Hutchinson, Sir George	1984	1984	5	Peter Davison	2	Power	The Awakening
Jek, Sharaz	1984	1984	5,6	Peter Davison, Colin Baker	4	Hates Morgus	The Caves of Androzani
Cassandra, Lady (Cassandra O'Brien.Δ17)	2005	2006	9,10	Christopher Eccleston, David Tennant	2	Make money	The End of the World/New Earth
Stark, Colonel	2009	2009	10	David Tennant	7	Power, Kill humans	Dreamland
Monarch	1982	1982	5	Peter Davison	4	Power, money	Four to Doomsday
Nimon, The	1979	1980	4	Tom Baker	4	Continue the Great Journey of life	The Horns of Nimon
Unicorn (the)	2008	2008	10	David Tennant	1	steal jewels	The Unicorn and the Wasp
Jackson (Mrs)	2006	2006	10	David Tennant	1	Dominate the universe	School Reunion
Kane	1987	1987	7	Sylvester McCoy	3	Kill another alien species	Dragon Fire
Manton, Colonel	2011	2011	11	Matt Smith	1	Kill Doctor and companions	A Good Man Goes to War
Plasmavores (Florence Finnegan)	2007	2007	10	David Tennant	1	Drink blood	Smith and Jones
Slyther	1964	1964	1	Wiliam Hartnell	6	Serve big bad	The Dalek Invasion of Earth
Cybershades	2008	2008	10	David Tennant	1	Serve big bad	 The Next Doctor
Daleks	1963	2010	1, 2, 3, 4, 5, 6, 7, 9, 10, 11	William Hartnell, Patrick Troughton, Jon Pertwee, Tom Baker, Peter Davison, Colin Baker, Sylvester McCoy, Christopher Eccleston, David Tennant, Matt Smith	104	Earth invasion/Human extermination	The Daleks, The Dalek Invasion of Earth, The Chase, Mission to the Unknown, The Daleks' Master Plan, The Power of the Daleks, The Evil of the Daleks, Day of the Daleks, Planet of the Daleks, Death to the Daleks, Genesis of the Daleks, Destiny of the Daleks, Resurrection of the Daleks, Revelation of the Daleks, Remembrance of the Daleks, Dalek, Bad Wolf/The Parting of the Ways, Army of Ghosts/Doomsday, Daleks in, Manhattan/Evolution of the Daleks, The Stolen Earth, Journey's End, Victory of the Daleks, The Pandorica Opens, The Big Bang, The Space Museum, The Wheel in Space, The War Games, The Mind of Evil, Frontier in Space, The Five Doctors, Doctor Who, Human Nature, The Waters of Mars, The Beast Below, The Wedding of River Song, Asylum of the Daleks
Kovarian, Madame	2011	2011	11	Matt Smith	5	Kill Doctor and companions	Day of the Moon, The Curse of the Black Spot, The Rebel Flesh/The Almost People, A Good Man Goes to War, The Wedding of River Song
Capel, Taren	1977	1977	4	Tom Baker	4	Kill humans	The Robots of Death
Bragen	1966	1966	2	Patrick Troughton	6	Serve big bad	The Power of the Daleks
Rago Navigator	1968	1968	2	Patrick Troughton	5	Conserve energy	The Dominators
Eknodine	2010	2010	11	Matt Smith	1	Control humans, survival	Amy's Choice
Rorvik	1980	1980	4	Tom Baker	4	Slave Trader	Warriors' Gate
Robot Dr Who	1965	1965	1	William Hartnell	6	Kill Doctor and companions	The Chase
VOC robot	1977	1977	4	Tom Baker	4	Serve big bad	The Robots of Death
Alliance - onscreen - Daleks, Cybermen, Sontarans & Autons, (cameos Silurians, Sycorax, Judoon, Hoix, Roboforms, microcameos Blowfish, Uvodni, Weevils)	2010	2010	11	Matt Smith	1	Imprison the Doctor	The Pandorica Opens
Prisoner Zero	2010	2010	11	Matt Smith	1	Fugative	The Eleventh Hour
Peinforte, Lady	1988	1988	7	Sylvester McCoy	3	Wanted ownership of a weapon	Silver Nemesis
Sontarans	1973	2008	2,3,4,6,10,11	Patrick Troughton, Jon Pertwee, Tom Baker, Colin Baker, David Tennant, Matt Smith	21	War, world domination	The Time Warrior, The Sontaran Experiment, The Invasion of Time, The Two Doctors, The Sontaran Stratagem/The Poison Sky, Logopolis, The End of Time, The Pandorica Opens, A Good Man Goes to War
Solon, Dr Mehendri	1976	1976	4	Tom Baker	4	Medical experiments	The Brain of Morbius
Winters, Miss	1974	1975	4	Tom Baker	4	Blackmail	Robot
Timanor	1984	1984	5	Peter Davison	4	Power	Planet of Fire 
Chang, Li H'sen	1977	1977	4	Tom Baker	6	Serve big bad	Talons of Weng Chiang
Styggron, Chief scientist	1975	1975	4	Tom Baker	4	Medical experiments	The Android Invasion
Thawn	1978	1979	4	Tom Baker	4	Power	The Power of Kroll
Meddling Monk (the)	1965	1966	1	William Hartnell	8	Interfere with history	The Time Meddler, The Daleks' Master Plan
Plasmatons	1982	1982	5	Peter Davison	4	Serve big bad	Time-Flight
Ogri	1978	1978	4	Tom Baker	4	Protect	The Stones of Blood
Lok	2007	2007	10	David Tennant	13	Kill humans	The Infinite Quest 
Keller Machine	1971	1971	3	Jon Pertwee	6	Control Humans	The mind of Evil
Family of Blood	2007	2007	10	David Tennant	2	Kill/take control of humans and the Doctor	Human Nature/The Family of Blood
Clockwork Repair Droids	2006	2006	10	David Tennant	1	Take brain, repair ship	The Girl in the Fireplace
Mehendri Solon	1976	1976	4	Tom Baker	4	Kill the Doctor	The Brain of Morbius
Irongron	1973	1974	3	Jon Pertwee	4	Crime, serve big bad	 The Time Warrior
Ice Warriors (inc benevolent appearences)	1967	2013	2,3,11	Patrick Troughton, Jon Pertwee, Matt Smith	25	Absorb planets	The Ice Warriors, The Seeds of Death, The Curse of Peladon, The Monster of Peladon,The War Games, The Mind of Evil, Cold War
Chessene of the Franzine Grig	1985	1985	2,6	Patrick Troughton, Peter Davison	3	Get a time machine	The Two Doctors
Glitz, Sabalom	1986	1987	6,7	Colin Baker, Sylvester McCoy	9	Self-interest	The Mysterious Planet, The Ultimate Foe, Dragonfire
Dominators	1968	1968	2	Patrick Troughton	5	Turn Planet into fuel	The Dominators
Sutekh	1975	1975	4	Tom Baker	4	Destroy all life	Pyramids of Mars
Benik	1967	1968	2	Patrick Troughton	6	Serve Big Bad	The Enemy of the World
Lethbridge-Stewart, Brigade Leader (alt universe)	1970	1970	3	Jon Pertwee	7	Fascist stooge	Inferno
Mantasphid Queen	2007	2007	10	David Tennant	13	Power	The Infinite Quest 
Ood, the (Oodkind), inc benevolent appearances	2006	2010	10,11	David Tennant, Matt Smith	6	Serve big bad	The Impossible Planet/The Satan Pit, Planet of the Ood, The Waters of Mars, Human Nature
Finch, Mr (Lassar)	2006	2006	10	David Tennant	1	Kill humans	School Reunion
Oracle (the)	1978	1978	4	Tom Baker	4	Control of alien species	Underworld
Chief Caretaker	1987	1987	7	Sylvester McCoy	4	Kill humans	Paradise Towers
Lilith	2007	2007	10	David Tennant	1	Control Humans	The Shakespeare Code
Karfelon androids	1985	1985	6	Colin Baker	2	Serve big bad	Timelash
Slitheen (Strickland, Margaret Blaine and Oliver Charles)	2005	2005	9	Christopher Eccleston	3	World domination, kill humans	Aliens of London/World War Three, Boom Town
Minotaur, The	2011	2011	11	Matt Smith	1	Feed on beliefs	The God complex
Nucleus	1977	1977	4	Tom Baker	4	Disease, infection	The Invisible Enemy
Silence (the)	2011	2011	11	Matt Smith	4	World domination	The Impossible Astronaut/Day of the Moon, Let's Kill Hitler, The Wedding of River Song
Valeyard (the)	1986	1986	6	Colin Baker	18	Kill the Doctor	The Mysterious Planet/The Ultimate Foe, Trial of a Timelord
Isolus flowers (Scribble Monster)	2006	2006	10	David Tennant	1	Self interest	Fear Her
Varl	1985	1985	2,6	Patrick Troughton, Colin Baker	3	Possess time travel	The Two Doctors
San Francisco street gang	1996	1996	7,8	Sylvester McCoy, Paul McGann	1	Turf war (shoots doctor)	Doctor Who (TV movie)
Jek's androids	1984	1984	5,6	Peter Davison, Colin Baker	4	Serve big bad	The Caves of Androzani
Kellman	1975	1975	4	Tom Baker	4	Serve big bad	Revenge of the Cybermen
Frankenstein's monster robot	1965	1965	1	William Hartnell	6	Serve big bad	The Chase
Kroagnon	1987	1987	7	Sylvester McCoy	4	Kill humans	Paradise Towers
Shadow (the)	1979	1979	4	Tom Baker	6	War	The Armageddon Factor
Gavrok	1989	1989	7	Sylvester McCoy	4	Kill another alien species	The Greatest Show in the Galaxy
Casp, Matron	2006	2007	10	David Tennant	2	Medical experiments	New Earth/Gridlock
Scaroth	1979	1979	4	Tom Baker	4	Steal the Mona Lisa to finance experiments	City of Death
Pike, Samuel 	1966	1966	1	William Hartnell	4	Find Treasure	The Smugglers
Soldeed, The	1979	1980	4	Tom Baker	4	Rebuild the Skonnan Empire	The Horns of Nimon
Morpho	1964	1964	1	William Hartnell	6	Save alien planet	The Keys of Marinus
Millington, Commander AH	1989	1989	7	Sylvester McCoy	4	Serve big bad	The Curse of Fenric
Drathro (L3 robot)	1986	1986	6	Colin Baker	4	Protect	The Mysterious Planet
Dracula, Robot Count	1965	1965	1	William Hartnell	6	Serve big bad	The Chase
Daughter of Mine	2007	2007	10	David Tennant	2	Infiltrate places	Human Nature/The Family of Blood
Capricorn, Max	2007	2007	10	David Tennant	1	Bankrupt company	Voyage of the Damned
Rudge	1986	1986	6	Colin Baker	4	Serve big bad	Terror of the Vervoids
Dent	1971	1971	3	Jon Pertwee	6	Make money	Colony in Space
Gell guards 	1972	1973	1,2,3	William Hartnell, Patrick Troughton, Jon Pertwee	4	Serve big bad	The Three Doctors
Salamander	1967	1968	2	Patrick Troughton	6	Wants to control an organisation	The Enemy of the World
Zu-Zana	2005	2005	9	Christopher Eccleston	1	Serve big bad	Bad Wolf
Nilson	1984	1984	5	Peter Davison	4	Serve big bad	Warriors of the Deep
Sensorites	1964	1964	1	William Hartnell	6	Fear	The Sensorites
Mysterious Man	2007	2007	10	David Tennant	1	Power/ serve big bad	The Hazarus Experiment
Dalek prime minister	2012	2012	11	Matt Smith	1	Protecting the Daleks	Asylum of the Daleks
Skorpius Flies	2009	2009	10	David Tennant	7	Self interest (food)	Dreamland
Ogrons 	1972	1973	3	Jon Pertwee	10	Serve big bad	Day of the Daleks, Frontier in Space
Zaroff, Professor	1967	1967	2	Patrick Troughton	4	Destroy the World	The Underwater Menace
Primord	1970	1970	3	Jon Pertwee	7	Control Humans	Inferno
Axons	1971	1971	3	Jon Pertwee	4	Earth invasion/Human extermination	The Claws of Axos
Kroll	1978	1979	4	Tom Baker	4	Indiscriminate destruction	The Power of Kroll
Adipose Industries 	2008	2008	10	David Tennant	1	Control the World	Partners in Crime
Smith, Josiah Samuel (Survey)	1989	1989	7	Sylvester McCoy	3	Destroy all life	Ghost Light
Lupine Wavelength Haemovariform (werewolf)	2006	2006	10	David Tennant	1	Kill everything	Tooth and Claw
Hoix	2006	2010	10,11	David Tennant, Matt Smith	2	Consume everything/Imprison the Doctor	Love and Monsters (cameo), The Pandorica Opens (see Alliance above)
Wire (the)	2006	2006	10	David Tennant	1	Erase thoughts	The Idiot's Lantern
Hepesh	1972	1972	3	Jon Pertwee	4	Universal control	The Curse of Peladon
Varga	1967	1967	2	Patrick Troughton	6	World domination	The Ice Warriors
Gurney, Constantine Ethelred	2007	2007	10	David Tennant	13	Larceny, blackmail and fraud	The Infinite Quest 
Shakri	2012	2012	11	Matt Smith	1	Destroy humans	The Power of Three
Clown robots	1989	1989	7	Sylvester McCoy	4	Serve big bad	The Greatest Show in the Galaxy
Dextrus, Lucias Petrus	2008	2008	10	David Tennant	1	Dominate the world	The Fires of Pompeii
Terileptils	1982	1982	5	Peter Davison	4	Kill the Doctor	The Visitation
Hindle	1982	1982	5	Peter Davison	4	Serve big bad	Kinda
Ingiger	1989	1989	7	Sylvester McCoy	4	Control alien species	The Curse of Fenric
Marshal of Atrios	1979	1979	4	Tom Baker 	6	Power	The Armageddon Factor
Hedin, Councillor	1983	1983	5	Peter Davison	4	Viral infection	Arc of Infinity
Peking Homunculus (Mr Sin)	1977	1977	4	Tom Baker	6	Kill humans	Talons of Weng Chiang
Forest Monster	2013	2013	11	Matt Smith	1	Find mate	Hide
Loch Ness Monster (Skarasen)	1975	1975	4	Tom Baker	4	Serve big bad	Terror of the Zygons
Aukon (one of Three who rule)	1980	1980	4	Tom Baker	4	Drink blood, control humans	State of Decay
Sea Devils	1972	1984	3,5	Jon Pertwee, Peter Davison	10	Capture the Doctor	The Sea Devils, Warriors of the Deep
Anti-matter monster	1975	1975	4	Tom Baker	4	Energy	Planet of Evil
Cheetah people	1989	1989	7	Sylvester McCoy	3	Serve big bad	Survival
Gubbage Cone 	1965	1965	1	William Hartnell	6	Attack the Doctor	The Chase
Caw 	2007	2007	10	David Tennant	13	Gold	The Infinite Quest 
Winder 	2010	2010	11	Matt Smith	1	Protect 	The Beast Below
Taltalian, Bruno	1970	1970	7	Jon Pertwee	7	Serve big bad	The Ambassadors of Death
Adrasta, Lady	1979	1979	4	Tom Baker	4	Mineral wealth	The Creature from the Pit
Trask (The Highlanders)	1966	1967	2	Patrick Troughton	4	Smuggle weapons	The Highlanders
Mansell	1983	1983	5	Peter Davison	4	Competing for enlightment	Enlightenment
Tegana	1964	1964	1	William Hartnell	7	Kill the Doctor	Marco Polo
Wirrn/Wirrrn 	1975	1975	4	Tom Baker	4	World domination	The Ark in Space
Ulysees Meregrass	2007	2007	10	David Tennant 	13	Make money	The Infinite QuestElders (the)	1966	1966	1	William Hartnell	4	1	Self interest	The Savages
Neo-Nazis, Windsor	1988	1988	7	Sylvester McCoy	3	Fascist stooge	Silver Nemesis
Viperox	2009	2009	10	David Tennant	7	Hunt/invade	Dreamland
Calvierri, Signora Rosanna	2010	2010	11	Matt Smith	1	reproduce	The Vampires of Venice
Vasor	1964	1964	1	William Hartnell	6	Save alien planet	The Keys of Marinus
Gravis	1984	1984	5	Peter Davison	4	Kill Humans	Frontios
Silurians (exc Sea Devils)	1970	2010	3,5,11	Jon Pertwee, Peter Davison, Matt Smith	16	World domination	Doctor Who and the Silurians, Warriors of the Deep, The Hungry Earth/Cold Blood, The Pandorica Opens (see Alliance above), A Good Man Goes to War
Caven, Maurice	1969	1969	2	Patrick Troughton	6	Invade another alien planet	The Space Pitrates
Spoonheads	2013	2013	11	Matt Smith	1	Serve big bad	The Bells of Saint John
Vigil, The	2013	2013	11	Matt Smith	1	Serve Big Bad	The Rings of Ahkaten 
Heavenly Host 	2007	2007	10	David Tennant	1	Serve big bad	Voyage of the Damned
Dalek Supreme (Supreme Dalek), inc Progenitor	1964	2010	1, 2, 3, 4, 5, 6, 7, 10, 11	William Hartnell, Patrick Troughton, Jon Pertwee, Tom Baker, Peter Davison, Colin Baker, Sylvester McCoy, David Tennant, Matt Smith	63	Earth invasion/Human extermination	Dalek Invasion of earth, The Daleks' Master Plan, The Chase, The Evil of the Daleks, Day of the Daleks, Frontier in Space, Planet of the Daleks, Destiny of the Daleks, Resurrection of the Daleks, Revelation of the Daleks, Remembrance of the Daleks, The Stolen Earth/Journey's End, Victory of the Daleks, The Pandorica Opens
Krynoids	1976	1976	4	Tom Baker	6	World domination	Seeds of Doom
Carlo 	2010	2010	11	Matt Smith	1	Serve big bad	The Vampires of Venice
Dastari, Joinson	1985	1985	2,6	Patrick Troughton, Colin Baker	3	Medical experiments	The Two Doctors
Eternals	1983	1983	5	Peter Davison	4	Amusement, universal control	Enlightenment
Mailer, Harry 	1971	1971	3	Jon Pertwee	6	Power	The mind of Evil
Grendel, Count	1978	1978	4	Tom Baker	4	To posess a key	The Androids of Tara
Jagrafess	2005	2005	9	Christopher Eccleston	1	Control Humans	The Long Game
Rassilon	1983	2010	1,2,3,4,5,10,11	Richard Hurndall, Patrick Troughton, Jon Pertwee, Tom Baker, Peter Davison, David Tennant, Matt Smith	3	Power	The Five Doctors, The End of Time
Macra (the)	1967	2007	2,10	Patrick Troughton, David Tennant	5	Kill everything	The Macra Terror, Gridlock
Pangol	1980	1980	4	Tom Baker	4	Conquest	The Leisure Hive
Icthar	1984	1984	5	Peter Davison	4	Power	Warriors of the Deep
Quarks	1968	1968	2	Patrick Troughton	5	Enslavement	The Dominators
Krillitane	2008	2008	10	David Tennant	1	Self interest	School Reunion
Kala	1964	1964	1	William Hartnell	6	Save alien planet 	The Keys of Marinus
Staal	2008	2008	10	David Tennant	2	World domination	The Sontaran Stratagem/The Poison Sky
Vervoids 	1986	1986	6	Colin Baker	4	Kill humans	Terror of the Vervoids
Fortune Teller	2008	2008	10	David Tennant 	1	Manipulating the past	Turn Left
Myrka (the)	1984	1984	5	Peter Davison	4	Serve big bad	Warriors of the Deep
Bok	1971	1971	3	Jon Pertwee	5	Assist Azal	The Dæmons
Automated Corpse	2005	2005	9	Christopher Eccleston	1	Serve big bad	The Long Game
Oak, Mr	1968	1968	2	Patrick Troughton	6	Serve big bad	Fury from the Deep
Lazarus, Professor Richard	2007	2007	10	David Tennant	1	Kill humans	The Lazarus Experiment
Wagner	2006	2006	10	David Tennant	1	Control time and the universe	School Reunion
Morka	1970	1970	3	Jon Pertwee	7	World domination	Doctor Who and the Silurians    
Magpie (Mr)	2006	2006	10	David Tennant 	1	Career	The Idiot's Lantern
New Humans	2006	2007	10	David Tennant	2	Sabotage	New Earth, Gridlock
Beast (the)	2006	2006	10	David Tennant	2	Satan Figure	The Impossible Planet/The Satan Pit
Martha Jones- Clone	2008	2008	10	David Tennant	2	Serve big bad	The Sontaran Stratagem/The Poison Sky
Reegan	1970	1970	7	Jon Pertwee	7	Crime	The Ambassadors of Death
Cobb, General	2008	2008	10	David Tennant	1	War	The Doctor's Daughter
Raston Warrior Robot	1983	1983	1,2,3,4,5	Richard Hurndall, Patrick Troughton, Jon Pertwee, Tom Baker, Peter Davison	1	Kill everything	The Five Doctors
Black Guardian (the)	1978	1979	4,5	Tom Baker, Peter Davison	18	Wants evil	The Key to Time, Terminus, Mawdryn Undead, Enlightenment, Armageddon factor
Flood (the)	2009	2009	10	David Tennant	1	Viral infection	 The Waters of Mars
Light	1989	1989	7	Sylvester McCoy	3	Destroy all life	Ghost Light
Voord	1964	1964	1	William Hartnell	6	Wants to control a Planet	The Keys of Marinus
Krafayis	2010	2010	11	Matt Smith	1	Hunt  	Vincent and the Doctor
Oil Rig	2007	2007	10	David Tennant	13	Drain oil from planets, make money	The Infinite Quest 
Maggot/Giant Maggot	1973	1973	3	Jon Pertwee	6	Kill humans	The Green Death
Whitaker	1974	1974	3	Jon Pertwee	6	Possess time travel	Invasion of the Dinosaurs
Grandfather (Akhaten)	2013	2013	11	Matt Smith	1	Feed off memories and feelings	The Rings of Akhaten
Azlok	2009	2009	10	David Tennant	7	Invading Earth	Dreamland
van Statten, Henry	2005	2005	9	Christopher Eccleston	1	Corruption	Dalek
Hawthorne	2010	2010	11	Matt Smith	1	Power	The Beast Below
Rodrick	2005	2005	9,10	Christopher Eccleston, David Tennant	2	money (prize money)	Bad Wolf, Parting of the Ways
Handbots	2011	2011	11	Matt Smith	1	Kill with kindness	The girl who waited
McAllister, Ewan	2005	2005	9	Christopher Eccleston	1	Serve big bad	World War Three 
Hartman, Yvonne	2006	2006	10	David Tennant	2	Assist Cybermen	Army of Ghosts/Doomsday
Kaftan	1967	1967	2	Patrick Troughton	4	Power	Tomb of the Cybermen
Quinlan, Sir James	1970	1970	7	Jon Pertwee	7	Serve big bad	The Ambassadors of Death
Mummies (Osirian service robots)	1975	1975	4	Tom Baker	4	Serve big bad	 Pyramids of Mars
Ratcliffe, George	1988	1988	7	Sylvester McCoy	4	Ally with the Nazis	Rememberance of the Daleks
Tekker	1985	1985	6	Colin Baker	2	Serve big bad	Timelash
Vynda-K, Graff	1978	1978	4	Tom Baker	4	Make money	The Ribos Operation
Pond, Melody (before redemption)	2011	2011	11	Matt Smith	1	Serve big bad	Let's Kill Hitler
Slab	2007	2007	10	David Tennant	1	Serve big bad	Smith and Jones
Scorby 	1976	1976	4	Tom Baker	6	Flee England	The seeds of Doom
Cranleigh, George	1982	1982	5	Peter Davison	2	Kill humans	Black Orchid
Vaughn, Tobias	1968	1968	2	Patrick Troughton	8	Kill the Doctor	The Invasion
Broton	1975	1975	4	Tom Baker 	4	Power	Terror of the Zygons
Snowmen, The	2012	2012	11	Matt Smith	1	Serve Big Bad	The Snowmen
Cyberman Android	1982	1982	5	Peter Davison	4	Destroy the world	Earthshock
Wrack	1983	1983	5	Peter Davison	4	Compete for enlightenment	Enlightenment
Weeping Angels	2007	2012	10,11	David Tennant, Matt Smith	4	Kill, trap in time	Blink, The Time of Angels/Flesh and Stone, The Angels Take Manhattan
Saxon, Lucy	2007	2010	10	David Tennant	4	Serve big bad	The End of time, The Sound of Drums/Last of the Time Lords
Cult of Skaro (inc Dalek Sec and three others) 	2006	2007	10	David Tennant	4	Earth invasion/Human extermination/Human-Dalek hybrid	Army of Ghosts/Doomsday, Daleks in Manhattan/Evolution of the Daleks
Cyber-leader	1975	1988	1,2,3,4,5,6,7	William Hartnell, Patrick Troughton, Jon Pertwee, Tom Baker, Peter Davison, Colin Baker, Sylvester Mc Coy 	14	Serve big bad 	Revenge of the Cybermen, Silver Nemesis, Earthshock, The Five Doctors, Attack of the Cybermen, Silver Nemesis
White Robot	1968	1968	2	Patrick Troughton	5	Serve big bad 	The Mind Robber 
Chip	2006	2006	10	David Tennant	1	Serve big bad 	New Earth
Kal	1963	1963	1	William Hartnell	4	Power	An Unearthy Child
Host (the)	2006	2006	10	David Tennant	1	Kill everything	Tooth and Claw
Tryst	1979	1979	4	Tom Baker	4	Make money	Nightmare of Eden
Super Voc SV7 robot	1977	1977	4	Tom Baker	4	Serve big bad	The Robots of Death
Grover, Charles	1974	1974	3	Jon Pertwee	6	Power	Invasion of the Dinosaurs
Seers	1978	1978	4	Tom Baker	4	Serve big bad	Underworld
Haemovores (inc Ancient One)	1989	1989	7	Sylvester McCoy	4	Serve big bad	The Curse of Fenric
Smilers (Winders)	2010	2010	11	Matt Smith	1	Serve big bad	The Beast Below
Dream Lord	2010	2010	11	Matt Smith	1	Defeat the Doctor	Amy's Choice
Hieronymous	1976	1976	4	Tom Baker	4	Power/ serve big bad	The Masque of Mandragora
Horda	1977	1977	4	Tom Baker	4	Kill everything	The Face of Evil
War Chief	1969	1969	2	Patrick Troughton	10	Kidnapp	The War Games
Vashta Nerada	2008	2008	10	David Tennant	2	Consume lifeforms	Silence in the Library/Forest of the Dead
Soloman	2012	2012	11	Matt Smith	1	Profit	Dinosaurs on a Spaceship
Peg dolls	2011	2011	11	Matt Smith	1	Turn humans into dolls	Night terrors
Father Angelo	2006	2006	10	David Tennant	1	Kill humans	Tooth and Claw
Great One (Giant Spiders of Metebelis III)	1974	1974	3	Jon Pertwee	6	Universe domination	Planet of the Spiders
Blowfish	2010	2010	11	Matt Smith	1	Imprison the Doctor	The Pandorica Opens (see Alliance above)
Sneed, Gabriel	2005	2005	9	Christopher Eccleston	1	Self interest	The Unquiet Dead
Simeon, Dr	2012	2012	11	Matt Smith	1	Serve big bad	The Snowmen
Mrs Gillyflower	2013	2013	11	Matt Smith	1	Divine justice	The Crimson Horror
Quillam	1985	1985	6	Colin Baker 	2	Experiments on humans	Vengeance on Varos
Grugger	1980	1980	4	Tom Baker	4	Serve big bad	Meglos
Number 79B, Alckman Road	2010	2010	11	Matt Smith	1	Capture humans	The Lodger
Empty Child	2005	2005	9	Christopher Eccleston	2	Kill humans	The Empty Child/The Doctor Dances
Droid, Anne 	2005	2005	9,10	Christopher Eccleston, David Tennant	2	Kill humans	Bad Wolf, The Parting of the Ways
Helen A	1988	1988	7	Sylvester McCoy	3	Human dictatorship/enslavement	The Happiness Patrol
Meglos	1980	1980	4	Tom Baker	4	Kill the Doctor	Meglos
Grey Lady robot	1965	1965	1	William Hartnell	6	Serve big bad	The Chase
Stike	1985	1985	2,6	Patrick Troughton, Colin Baker	3	Make time machine	The Two Doctors
Kandyman	1988	1988	7	Sylvester McCoy	3	Dictatorship/enslavement	The Happiness Patrol
Cybermen	1966	2013	1, 2, 3, 4, 5, 6, 7, 10, 11	William Hartnell, Patrick Troughton, Jon Pertwee, Tom Baker, Peter Davison, Colin Baker, Sylvester McCoy, David Tennant, Matt Smith	57	Earth invasion/Human extermination	The Wheel in space, The Tenth Planet, The Moonbase, The Tomb of the Cybermen, The Wheel in Space, The Invasion, Revenge of the Cybermen, Earthshock, The Five Doctors, Attack of the Cybermen, Silver Nemesis, Rise of the Cybermen/The Age of Steel, Army of Ghosts/Doomsday, The Next Doctor, The Pandorica Opens, The War Games, The Mind of Evil, Carnival of Monsters, Logopolis, Mawdryn Undead, Dalek, Human Nature, A Good Man Goes to War, Closing Time, Nightmare in Silver
Davinadroid	2005	2005	9	Christopher Eccleston	1	Controll Humans	Bad Wolf   
Morbius	1976	1976	4	Tom Baker	4	Universal control	The Brain of Morbius
Varla	1967	1967	2	Patrick Troughton	3	Possess time travel	The Two Doctors
Aridians	1965	1965	1	William Hartnell	6	Self interest	The Chase
Celestial Toymaker	1966	1966	1	William Hartnell	4	Kill/ enslave humans	Celestial Toymaker
Rani (the)	1985	1993	3,4,5,6,7	Jon Pertwee, Tom Baker, Peter Davison, Colin Baker, Sylvester McCoy	8	Enslavement, Medical experimentation	The Mark of the Rani, Dimensions in Time, Time and the Rani
MacMillan (DI)	2009	2009	10	David Tennant	1	Career	Planet of the Dead
Drashigs	1973	1973	3	Jon Pertwee	4	Kill everything	Carnival of Monsters
Terrible Zodin	1983	1985	1,2,3,4,6	William Hartnell, Patrick Troughton, Jon Pertwee, Tom Baker, Colin Baker	3	attack the Doctor	The Five Doctors, Attack of the Cybermen
Tractator	1984	1984	5	Peter Davison	4	Invade	Frontios
Red Carnivorous Maw	2009	2010	10	David Tennant	2	World domination	The End of Time
Autons (Marcellas, Commander and Claudio)	1970	2010	3,9,11	Jon Pertwee, Christopher Eccleston, Matt Smith	11	Defeat the Doctor	Terror of the Autons, spearhead from space, Rose, The Pandorica Opens/The Big Bang, Love & Monsters, Spearhead From Space
War Lord	1969	1969	2	Patrick Troughton	10	Kidnapp	The War Games
Gods of Ragnarok	1989	1989	7	Sylvester McCoy	4	Kill alien species/enslavement	The Greatest Show in the Galaxy
Collector (the)	1977	1977	4	Tom Baker	4	Human dictatorship/enslavement	The Sun Makers
Futurekind	2007	2007	10	David Tennant	1	Kill humans	Utopia
Camilla (one of Three who rule)	1980	1980	4	Tom Baker	4	Drink blood, control humans	State of Decay
Dibber	1986	1986	6	Colin Baker	4	Self-interest	The Mysterious Planet
Mawdryn	1983	1983	5	Peter Davison	4	Kill humans	Mawdryn Undead
Kronos	1972	1972	3	Jon Pertwee	6	Serve big bad	The Time Monster
Morgaine	1989	1989	7	Sylvester McCoy	4	War	Battlefield
Teselecta antibodies		2011	11	Matt Smith	1	Serve big bad	Let's Kill Hitler
Yartek	1964	1964	1	William Hartnell	6	Serve big Bad	The Keys of Marinus
Association (the)	1988	1988	7	Sylvester McCoy	4	Fascist stooge	Rememberance of the Daleks
Robotic crab	1987	1987	7	Sylvester McCoy	4	Serve big bad	Paradise Towers
Pyroviles	2008	2008	10	David Tennant	1	World domination	The Fires of Pompeii
Saturnynians	2010	2010	11	Matt Smith	1	World domination	The Vampires of Venice
Borad	1985	1985	6	Colin Baker	2	Kill humans	Timelash
Rutans	1977	1977	4	Tom Baker	4	War	Horror of Fang Rock
Naismith, Joshua	2009	2010	10,11	David Tennant, Matt Smith	2	Immortality	The End of Time
Omega	1972	1983	1,2,3,5	William Hartnell, Patrick Troughton, Jon Pertwee, Peter Davison	8	Revenge	The Three Doctors, Arc of Infinity
Grayle	2012	2012	11	Matt Smith	1	Collect Weeping Angels	The Angels Take Manhattan
Hartigan, Mercy	2008	2008	10	David Tennant	1	Human dictatorship/enslavement	The Next Doctor
Xanxia, Queen	1978	1978	4	Tom Baker	4	Make money	The Pirate Planet
Surgeons	2005	2005	9	Christopher Eccleston	1	Serve big bad	The End of the World
Headless Monks	2011	2011	11	Matt Smith	1	Serve big bad	A Good Man Goes to War
Eyesen	1964	1964	1	William Hartnell	6	Self-interest	The Keys of Marinus
Maaga	1965	1965	1	William Hartnell 	4	escape doomed planet	Galaxy 4
Dalek Duplicates	1984	1984	5	Peter Davison	2	Serve big bad	Ressurrection of the Daleks
Francesco	2010	2010	11	Matt Smith	1	Serve big bad	The Vampires of Venice
Screaming Jungle (The)	1964	1964	1	William Hartnell	6	Save alien planet	The Keys of Marinus
Mongol Bandit 	1964	1964	1	William Hartnell 	7	Serve big bad 	Marco Polo
Editor	2005	2005	9	Christopher Eccleston	1	Control Humans	The Long Game
Cessair of Diplos (The Cailleach/Morgana Montcalm/Senora Camara/Vivien Fay)	1978	1978	4	Tom Baker	4	Murder/theft	The Stones of Blood
Robotic cleaners	1987	1987	7	Sylvester McCoy	4	Serve big bad	Paradise Towers
Quill, Mr	1968	1968	2	Patrick Troughton	6	Serve big bad	Fury from the Deep
Gantok	2011	2011	11	Matt Smith	1	Serve big bad	The Wedding of River Song
Eckersley	1974	1974	3	Jon Pertwee	6	World domination	The Monster of Peladon
Azal	1971	1971	3	Jon Pertwee	5	Kill humans	The Dæmons
Trin-E	2005	2005	9	Christopher Eccleston	1	Serve big bad	Bad Wolf
L1 robot	1986	1986	6	Colin Baker 	4	Capture the Doctor	The Mysterious Planet
Forester	1964	1964	1	William Hartnell	3	Money	Planet of Giants
Squawk	2007	2007	10	David Tennant	13	Serve big bad	The Infinite Quest 
Destroyer	1989	1989	7	Sylvester McCoy	4	Defeat the Doctor	Battlefield
K1 Robot (Giant Robot)	1974	1975	4	Tom Baker	4	Mindless destruction	Robot
Judoon	2007	2010	10,11	David Tennant, Matt Smith	3	Obey bureaucracy	Smith & Jones, The Stolen Earth, The Pandorica Opens (see Alliance above)
Eight legs	1974	1974	3	Jon Pertwee	6	Serve big bad	Planet of the Spiders
Carrionites	2007	2007	10	David Tennant	1	World domination	The Shakespeare Code
Fenric	1989	1989	7	Sylvester McCoy	4	Control Humans	The Curse of Fenric
Mandrels	1979	1979	4	Tom Baker	4	Kill everything	Nightmare of Eden
Restac	2010	2010	11	Matt Smith	1	World domination	Cold Blood
Yeti	1967	1983	1,2,3,4,5	William Hartnell, Patrick Troughton, Jon Pertwee, Tom Baker, Peter Davison	13	Serve big bad	The Abominable Snowmen, The Web of Fear, The Five Doctors
Halpen, Klineman	2008	2008	10	David Tennant	1	Kill an alien species	Planet of the Ood
Hath	2008	2008	10	David Tennant	1	War	The Doctor's Daughter
Kalik	1973	1973	3	Jon Pertwee	4	Power	Carnival of Monsters
Kraal 	1975	1975	4	Tom Baker	4	Kill humans	The Android Invasion
Zargo (one of Three who rule)	1980	1980	4	Tom Baker	4	Drink blood, control humans	State of Decay
Mandragora Helix	1976	1976	4	Tom Baker	4	World domination	The Masque of Mandragora
Kiv, Lord	1986	1986	6	Colin Baker	4	Make money	Mindwarp
Zygons	1975	2012	4,11	Tom Baker, Matt Smith	5	Invade earth	Terror of the Zygons, The Power of Three
Brethren (the), inc Father Angelo	2006	2006	10	David Tennant	1	Serve big bad	Tooth and Claw
Skeleton Crew 	2007	2007	10	David Tennant	13	Self interest	The Infinite Quest 
